Job Title,Skills
Business Analyst (MBA),"Relevant domain skills, Communication, Excel, Analysis, Reporting"
Product Manager (MBA),"Relevant domain skills, Communication, Excel, Analysis, Reporting"
Brand Manager (MBA),"Relevant domain skills, Communication, Excel, Analysis, Reporting"
Marketing Manager (MBA),"Relevant domain skills, Communication, Excel, Analysis, Reporting"
Operations Manager (MBA),"Relevant domain skills, Communication, Excel, Analysis, Reporting"
Business Development Manager (MBA),"Relevant domain skills, Communication, Excel, Analysis, Reporting"
Strategy Consultant (MBA),"Relevant domain skills, Communication, Excel, Analysis, Reporting"
Management Consultant (MBA),"Relevant domain skills, Communication, Excel, Analysis, Reporting"
Category Manager (MBA),"Relevant domain skills, Communication, Excel, Analysis, Reporting"
Retail Operations Manager (MBA),"Relevant domain skills, Communication, Excel, Analysis, Reporting"
Sales Manager (MBA),"Relevant domain skills, Communication, Excel, Analysis, Reporting"
Key Account Manager (MBA),"Relevant domain skills, Communication, Excel, Analysis, Reporting"
Market Research Analyst (MBA),"Relevant domain skills, Communication, Excel, Analysis, Reporting"
Procurement Manager (MBA),"Relevant domain skills, Communication, Excel, Analysis, Reporting"
Supply Chain Manager (MBA),"Relevant domain skills, Communication, Excel, Analysis, Reporting"
Customer Success Manager (MBA),"Relevant domain skills, Communication, Excel, Analysis, Reporting"
Commercial Manager (MBA),"Relevant domain skills, Communication, Excel, Analysis, Reporting"
Channel Sales Manager (MBA),"Relevant domain skills, Communication, Excel, Analysis, Reporting"
CRM Manager (MBA),"Relevant domain skills, Communication, Excel, Analysis, Reporting"
E-commerce Manager (MBA),"Relevant domain skills, Communication, Excel, Analysis, Reporting"
Project Coordinator (MBA),"Relevant domain skills, Communication, Excel, Analysis, Reporting"
Program Manager (MBA),"Relevant domain skills, Communication, Excel, Analysis, Reporting"
Corporate Relations Manager (MBA),"Relevant domain skills, Communication, Excel, Analysis, Reporting"
Vendor Manager (MBA),"Relevant domain skills, Communication, Excel, Analysis, Reporting"
Pricing Analyst (MBA),"Relevant domain skills, Communication, Excel, Analysis, Reporting"
Revenue Analyst (MBA),"Relevant domain skills, Communication, Excel, Analysis, Reporting"
Growth Manager (MBA),"Relevant domain skills, Communication, Excel, Analysis, Reporting"
Partnership Manager (MBA),"Relevant domain skills, Communication, Excel, Analysis, Reporting"
Franchise Manager (MBA),"Relevant domain skills, Communication, Excel, Analysis, Reporting"
Digital Marketing Manager (MBA),"Relevant domain skills, Communication, Excel, Analysis, Reporting"
Advertising Manager (MBA),"Relevant domain skills, Communication, Excel, Analysis, Reporting"
Trade Marketing Manager (MBA),"Relevant domain skills, Communication, Excel, Analysis, Reporting"
Corporate Communications Manager (MBA),"Relevant domain skills, Communication, Excel, Analysis, Reporting"
Service Delivery Manager (MBA),"Relevant domain skills, Communication, Excel, Analysis, Reporting"
Client Relationship Manager (MBA),"Relevant domain skills, Communication, Excel, Analysis, Reporting"
Territory Manager (MBA),"Relevant domain skills, Communication, Excel, Analysis, Reporting"
Area Sales Manager (MBA),"Relevant domain skills, Communication, Excel, Analysis, Reporting"
Business Operations Manager (MBA),"Relevant domain skills, Communication, Excel, Analysis, Reporting"
Presales Consultant (MBA),"Relevant domain skills, Communication, Excel, Analysis, Reporting"
Solutions Consultant (MBA),"Relevant domain skills, Communication, Excel, Analysis, Reporting"
Process Excellence Analyst (MBA),"Relevant domain skills, Communication, Excel, Analysis, Reporting"
Change Management Consultant (MBA),"Relevant domain skills, Communication, Excel, Analysis, Reporting"
Customer Experience Manager (MBA),"Relevant domain skills, Communication, Excel, Analysis, Reporting"
Strategic Planning Analyst (MBA),"Relevant domain skills, Communication, Excel, Analysis, Reporting"
Portfolio Manager (MBA),"Relevant domain skills, Communication, Excel, Analysis, Reporting"
Product Marketing Manager (MBA),"Relevant domain skills, Communication, Excel, Analysis, Reporting"
Operations Analyst (MBA),"Relevant domain skills, Communication, Excel, Analysis, Reporting"
Market Intelligence Analyst (MBA),"Relevant domain skills, Communication, Excel, Analysis, Reporting"
Enterprise Account Manager (MBA),"Relevant domain skills, Communication, Excel, Analysis, Reporting"
Sales Operations Analyst (MBA),"Relevant domain skills, Communication, Excel, Analysis, Reporting"

Financial Analyst (MBA Finance),"Relevant domain skills, Communication, Excel, Analysis, Reporting"
Investment Analyst (MBA Finance),"Relevant domain skills, Communication, Excel, Analysis, Reporting"
Equity Research Analyst (MBA Finance),"Relevant domain skills, Communication, Excel, Analysis, Reporting"
Credit Analyst (MBA Finance),"Relevant domain skills, Communication, Excel, Analysis, Reporting"
Risk Analyst (MBA Finance),"Relevant domain skills, Communication, Excel, Analysis, Reporting"
Treasury Analyst (MBA Finance),"Relevant domain skills, Communication, Excel, Analysis, Reporting"
Corporate Finance Analyst (MBA Finance),"Relevant domain skills, Communication, Excel, Analysis, Reporting"
Investment Banking Analyst (MBA Finance),"Relevant domain skills, Communication, Excel, Analysis, Reporting"
Financial Planning Analyst (MBA Finance),"Relevant domain skills, Communication, Excel, Analysis, Reporting"
Wealth Manager (MBA Finance),"Relevant domain skills, Communication, Excel, Analysis, Reporting"
Portfolio Analyst (MBA Finance),"Relevant domain skills, Communication, Excel, Analysis, Reporting"
Credit Risk Manager (MBA Finance),"Relevant domain skills, Communication, Excel, Analysis, Reporting"
Fund Accountant (MBA Finance),"Relevant domain skills, Communication, Excel, Analysis, Reporting"
Tax Analyst (MBA Finance),"Relevant domain skills, Communication, Excel, Analysis, Reporting"
Internal Auditor (MBA Finance),"Relevant domain skills, Communication, Excel, Analysis, Reporting"
External Auditor (MBA Finance),"Relevant domain skills, Communication, Excel, Analysis, Reporting"
Budget Analyst (MBA Finance),"Relevant domain skills, Communication, Excel, Analysis, Reporting"
Cost Analyst (MBA Finance),"Relevant domain skills, Communication, Excel, Analysis, Reporting"
Revenue Assurance Analyst (MBA Finance),"Relevant domain skills, Communication, Excel, Analysis, Reporting"
Financial Controller (MBA Finance),"Relevant domain skills, Communication, Excel, Analysis, Reporting"
Mergers and Acquisitions Analyst (MBA Finance),"Relevant domain skills, Communication, Excel, Analysis, Reporting"
Private Equity Analyst (MBA Finance),"Relevant domain skills, Communication, Excel, Analysis, Reporting"
Venture Capital Analyst (MBA Finance),"Relevant domain skills, Communication, Excel, Analysis, Reporting"
Treasury Manager (MBA Finance),"Relevant domain skills, Communication, Excel, Analysis, Reporting"
Forex Analyst (MBA Finance),"Relevant domain skills, Communication, Excel, Analysis, Reporting"
Insurance Underwriter (MBA Finance),"Relevant domain skills, Communication, Excel, Analysis, Reporting"
Claims Analyst (MBA Finance),"Relevant domain skills, Communication, Excel, Analysis, Reporting"
Compliance Analyst (MBA Finance),"Relevant domain skills, Communication, Excel, Analysis, Reporting"
AML Analyst (MBA Finance),"Relevant domain skills, Communication, Excel, Analysis, Reporting"
KYC Analyst (MBA Finance),"Relevant domain skills, Communication, Excel, Analysis, Reporting"
Relationship Manager Banking (MBA Finance),"Relevant domain skills, Communication, Excel, Analysis, Reporting"
Commercial Banking Officer (MBA Finance),"Relevant domain skills, Communication, Excel, Analysis, Reporting"
Retail Banking Officer (MBA Finance),"Relevant domain skills, Communication, Excel, Analysis, Reporting"
Corporate Banking Analyst (MBA Finance),"Relevant domain skills, Communication, Excel, Analysis, Reporting"
Trade Finance Executive (MBA Finance),"Relevant domain skills, Communication, Excel, Analysis, Reporting"
Financial Reporting Analyst (MBA Finance),"Relevant domain skills, Communication, Excel, Analysis, Reporting"
Cash Management Analyst (MBA Finance),"Relevant domain skills, Communication, Excel, Analysis, Reporting"
Investment Advisor (MBA Finance),"Relevant domain skills, Communication, Excel, Analysis, Reporting"
Loan Officer (MBA Finance),"Relevant domain skills, Communication, Excel, Analysis, Reporting"
Mortgage Analyst (MBA Finance),"Relevant domain skills, Communication, Excel, Analysis, Reporting"
Derivatives Analyst (MBA Finance),"Relevant domain skills, Communication, Excel, Analysis, Reporting"
Securities Analyst (MBA Finance),"Relevant domain skills, Communication, Excel, Analysis, Reporting"
Asset Management Analyst (MBA Finance),"Relevant domain skills, Communication, Excel, Analysis, Reporting"
Fraud Risk Analyst (MBA Finance),"Relevant domain skills, Communication, Excel, Analysis, Reporting"
Credit Operations Executive (MBA Finance),"Relevant domain skills, Communication, Excel, Analysis, Reporting"
Finance Business Partner (MBA Finance),"Relevant domain skills, Communication, Excel, Analysis, Reporting"
Accounts Payable Analyst (MBA Finance),"Relevant domain skills, Communication, Excel, Analysis, Reporting"
Accounts Receivable Analyst (MBA Finance),"Relevant domain skills, Communication, Excel, Analysis, Reporting"
Payroll Analyst (MBA Finance),"Relevant domain skills, Communication, Excel, Analysis, Reporting"
Corporate Treasury Associate (MBA Finance),"Relevant domain skills, Communication, Excel, Analysis, Reporting"

HR Executive (MBA HRM),"Relevant domain skills, Communication, Excel, Analysis, Reporting"
HR Generalist (MBA HRM),"Relevant domain skills, Communication, Excel, Analysis, Reporting"
HR Business Partner (MBA HRM),"Relevant domain skills, Communication, Excel, Analysis, Reporting"
Talent Acquisition Specialist (MBA HRM),"Relevant domain skills, Communication, Excel, Analysis, Reporting"
Recruitment Consultant (MBA HRM),"Relevant domain skills, Communication, Excel, Analysis, Reporting"
Compensation Analyst (MBA HRM),"Relevant domain skills, Communication, Excel, Analysis, Reporting"
Benefits Administrator (MBA HRM),"Relevant domain skills, Communication, Excel, Analysis, Reporting"
Learning and Development Specialist (MBA HRM),"Relevant domain skills, Communication, Excel, Analysis, Reporting"
Training Coordinator (MBA HRM),"Relevant domain skills, Communication, Excel, Analysis, Reporting"
Employee Relations Specialist (MBA HRM),"Relevant domain skills, Communication, Excel, Analysis, Reporting"
Performance Management Analyst (MBA HRM),"Relevant domain skills, Communication, Excel, Analysis, Reporting"
HR Operations Executive (MBA HRM),"Relevant domain skills, Communication, Excel, Analysis, Reporting"
Workforce Planning Analyst (MBA HRM),"Relevant domain skills, Communication, Excel, Analysis, Reporting"
Organizational Development Specialist (MBA HRM),"Relevant domain skills, Communication, Excel, Analysis, Reporting"
Talent Management Specialist (MBA HRM),"Relevant domain skills, Communication, Excel, Analysis, Reporting"
HR Compliance Officer (MBA HRM),"Relevant domain skills, Communication, Excel, Analysis, Reporting"
Payroll Executive (MBA HRM),"Relevant domain skills, Communication, Excel, Analysis, Reporting"
HRIS Analyst (MBA HRM),"Relevant domain skills, Communication, Excel, Analysis, Reporting"
Employee Engagement Specialist (MBA HRM),"Relevant domain skills, Communication, Excel, Analysis, Reporting"
Diversity and Inclusion Coordinator (MBA HRM),"Relevant domain skills, Communication, Excel, Analysis, Reporting"
Leadership Development Manager (MBA HRM),"Relevant domain skills, Communication, Excel, Analysis, Reporting"
People Analytics Specialist (MBA HRM),"Relevant domain skills, Communication, Excel, Analysis, Reporting"
Campus Recruiter (MBA HRM),"Relevant domain skills, Communication, Excel, Analysis, Reporting"
Technical Recruiter (MBA HRM),"Relevant domain skills, Communication, Excel, Analysis, Reporting"
Executive Recruiter (MBA HRM),"Relevant domain skills, Communication, Excel, Analysis, Reporting"
Staffing Specialist (MBA HRM),"Relevant domain skills, Communication, Excel, Analysis, Reporting"
Career Development Advisor (MBA HRM),"Relevant domain skills, Communication, Excel, Analysis, Reporting"
Succession Planning Analyst (MBA HRM),"Relevant domain skills, Communication, Excel, Analysis, Reporting"
Compensation Manager (MBA HRM),"Relevant domain skills, Communication, Excel, Analysis, Reporting"
Rewards Specialist (MBA HRM),"Relevant domain skills, Communication, Excel, Analysis, Reporting"
Labor Relations Specialist (MBA HRM),"Relevant domain skills, Communication, Excel, Analysis, Reporting"
HR Shared Services Executive (MBA HRM),"Relevant domain skills, Communication, Excel, Analysis, Reporting"
Onboarding Specialist (MBA HRM),"Relevant domain skills, Communication, Excel, Analysis, Reporting"
Employer Branding Specialist (MBA HRM),"Relevant domain skills, Communication, Excel, Analysis, Reporting"
People Operations Specialist (MBA HRM),"Relevant domain skills, Communication, Excel, Analysis, Reporting"
Training Manager (MBA HRM),"Relevant domain skills, Communication, Excel, Analysis, Reporting"
HR Project Coordinator (MBA HRM),"Relevant domain skills, Communication, Excel, Analysis, Reporting"
Culture and Engagement Manager (MBA HRM),"Relevant domain skills, Communication, Excel, Analysis, Reporting"
Mobility Specialist (MBA HRM),"Relevant domain skills, Communication, Excel, Analysis, Reporting"
Workforce Analyst (MBA HRM),"Relevant domain skills, Communication, Excel, Analysis, Reporting"
HR Coordinator (MBA HRM),"Relevant domain skills, Communication, Excel, Analysis, Reporting"
Personnel Officer (MBA HRM),"Relevant domain skills, Communication, Excel, Analysis, Reporting"
Human Capital Analyst (MBA HRM),"Relevant domain skills, Communication, Excel, Analysis, Reporting"
Learning Consultant (MBA HRM),"Relevant domain skills, Communication, Excel, Analysis, Reporting"
Recruitment Manager (MBA HRM),"Relevant domain skills, Communication, Excel, Analysis, Reporting"
Talent Acquisition Manager (MBA HRM),"Relevant domain skills, Communication, Excel, Analysis, Reporting"
Employee Experience Manager (MBA HRM),"Relevant domain skills, Communication, Excel, Analysis, Reporting"
HR Advisor (MBA HRM),"Relevant domain skills, Communication, Excel, Analysis, Reporting"
Benefits Coordinator (MBA HRM),"Relevant domain skills, Communication, Excel, Analysis, Reporting"
People Partner (MBA HRM),"Relevant domain skills, Communication, Excel, Analysis, Reporting"


Travel Consultant (MBA TTM),"Relevant domain skills, Communication, Excel, Analysis, Reporting"
Tour Manager (MBA TTM),"Relevant domain skills, Communication, Excel, Analysis, Reporting"
Destination Manager (MBA TTM),"Relevant domain skills, Communication, Excel, Analysis, Reporting"
Travel Operations Executive (MBA TTM),"Relevant domain skills, Communication, Excel, Analysis, Reporting"
Holiday Consultant (MBA TTM),"Relevant domain skills, Communication, Excel, Analysis, Reporting"
Travel Coordinator (MBA TTM),"Relevant domain skills, Communication, Excel, Analysis, Reporting"
Tour Planner (MBA TTM),"Relevant domain skills, Communication, Excel, Analysis, Reporting"
Travel Desk Executive (MBA TTM),"Relevant domain skills, Communication, Excel, Analysis, Reporting"
Reservation Executive (MBA TTM),"Relevant domain skills, Communication, Excel, Analysis, Reporting"
Ticketing Executive (MBA TTM),"Relevant domain skills, Communication, Excel, Analysis, Reporting"
Airline Customer Service Executive (MBA TTM),"Relevant domain skills, Communication, Excel, Analysis, Reporting"
Airport Operations Executive (MBA TTM),"Relevant domain skills, Communication, Excel, Analysis, Reporting"
Cruise Coordinator (MBA TTM),"Relevant domain skills, Communication, Excel, Analysis, Reporting"
Travel Sales Consultant (MBA TTM),"Relevant domain skills, Communication, Excel, Analysis, Reporting"
MICE Coordinator (MBA TTM),"Relevant domain skills, Communication, Excel, Analysis, Reporting"
Event and Tourism Coordinator (MBA TTM),"Relevant domain skills, Communication, Excel, Analysis, Reporting"
Tourism Marketing Executive (MBA TTM),"Relevant domain skills, Communication, Excel, Analysis, Reporting"
Hospitality Coordinator (MBA TTM),"Relevant domain skills, Communication, Excel, Analysis, Reporting"
Guest Relations Executive (MBA TTM),"Relevant domain skills, Communication, Excel, Analysis, Reporting"
Travel Product Executive (MBA TTM),"Relevant domain skills, Communication, Excel, Analysis, Reporting"
Visa Processing Executive (MBA TTM),"Relevant domain skills, Communication, Excel, Analysis, Reporting"
Corporate Travel Consultant (MBA TTM),"Relevant domain skills, Communication, Excel, Analysis, Reporting"
Leisure Travel Advisor (MBA TTM),"Relevant domain skills, Communication, Excel, Analysis, Reporting"
Inbound Tour Executive (MBA TTM),"Relevant domain skills, Communication, Excel, Analysis, Reporting"
Outbound Tour Executive (MBA TTM),"Relevant domain skills, Communication, Excel, Analysis, Reporting"
Travel Support Specialist (MBA TTM),"Relevant domain skills, Communication, Excel, Analysis, Reporting"
Hotel Reservations Executive (MBA TTM),"Relevant domain skills, Communication, Excel, Analysis, Reporting"
Travel Experience Manager (MBA TTM),"Relevant domain skills, Communication, Excel, Analysis, Reporting"
Destination Marketing Executive (MBA TTM),"Relevant domain skills, Communication, Excel, Analysis, Reporting"
Tour Package Designer (MBA TTM),"Relevant domain skills, Communication, Excel, Analysis, Reporting"
Travel Account Manager (MBA TTM),"Relevant domain skills, Communication, Excel, Analysis, Reporting"
Adventure Tourism Executive (MBA TTM),"Relevant domain skills, Communication, Excel, Analysis, Reporting"
Travel Content Specialist (MBA TTM),"Relevant domain skills, Communication, Excel, Analysis, Reporting"
Travel Relationship Manager (MBA TTM),"Relevant domain skills, Communication, Excel, Analysis, Reporting"
Hospitality Operations Executive (MBA TTM),"Relevant domain skills, Communication, Excel, Analysis, Reporting"
Travel Procurement Executive (MBA TTM),"Relevant domain skills, Communication, Excel, Analysis, Reporting"
Travel Partnership Executive (MBA TTM),"Relevant domain skills, Communication, Excel, Analysis, Reporting"
Tour Guide Coordinator (MBA TTM),"Relevant domain skills, Communication, Excel, Analysis, Reporting"
Travel Revenue Analyst (MBA TTM),"Relevant domain skills, Communication, Excel, Analysis, Reporting"
Tour Operations Manager (MBA TTM),"Relevant domain skills, Communication, Excel, Analysis, Reporting"
Airline Reservations Agent (MBA TTM),"Relevant domain skills, Communication, Excel, Analysis, Reporting"
Travel Program Coordinator (MBA TTM),"Relevant domain skills, Communication, Excel, Analysis, Reporting"
Travel Quality Executive (MBA TTM),"Relevant domain skills, Communication, Excel, Analysis, Reporting"
Travel Services Executive (MBA TTM),"Relevant domain skills, Communication, Excel, Analysis, Reporting"
Convention Coordinator (MBA TTM),"Relevant domain skills, Communication, Excel, Analysis, Reporting"
Travel Marketing Manager (MBA TTM),"Relevant domain skills, Communication, Excel, Analysis, Reporting"
Tourism Development Officer (MBA TTM),"Relevant domain skills, Communication, Excel, Analysis, Reporting"
Guest Experience Manager (MBA TTM),"Relevant domain skills, Communication, Excel, Analysis, Reporting"
Travel Planner (MBA TTM),"Relevant domain skills, Communication, Excel, Analysis, Reporting"
Travel Consultant Corporate (MBA TTM),"Relevant domain skills, Communication, Excel, Analysis, Reporting"


Accountant (MCom),"Relevant domain skills, Communication, Excel, Analysis, Reporting"
Senior Accountant (MCom),"Relevant domain skills, Communication, Excel, Analysis, Reporting"
Accounts Executive (MCom),"Relevant domain skills, Communication, Excel, Analysis, Reporting"
Tax Consultant (MCom),"Relevant domain skills, Communication, Excel, Analysis, Reporting"
GST Consultant (MCom),"Relevant domain skills, Communication, Excel, Analysis, Reporting"
Cost Accountant (MCom),"Relevant domain skills, Communication, Excel, Analysis, Reporting"
Management Accountant (MCom),"Relevant domain skills, Communication, Excel, Analysis, Reporting"
Internal Auditor (MCom),"Relevant domain skills, Communication, Excel, Analysis, Reporting"
Audit Executive (MCom),"Relevant domain skills, Communication, Excel, Analysis, Reporting"
Financial Accountant (MCom),"Relevant domain skills, Communication, Excel, Analysis, Reporting"
Accounts Payable Executive (MCom),"Relevant domain skills, Communication, Excel, Analysis, Reporting"
Accounts Receivable Executive (MCom),"Relevant domain skills, Communication, Excel, Analysis, Reporting"
Payroll Executive (MCom),"Relevant domain skills, Communication, Excel, Analysis, Reporting"
Bookkeeper (MCom),"Relevant domain skills, Communication, Excel, Analysis, Reporting"
Tax Analyst (MCom),"Relevant domain skills, Communication, Excel, Analysis, Reporting"
Financial Reporting Executive (MCom),"Relevant domain skills, Communication, Excel, Analysis, Reporting"
Budget Executive (MCom),"Relevant domain skills, Communication, Excel, Analysis, Reporting"
Treasury Executive (MCom),"Relevant domain skills, Communication, Excel, Analysis, Reporting"
Compliance Executive (MCom),"Relevant domain skills, Communication, Excel, Analysis, Reporting"
Credit Control Executive (MCom),"Relevant domain skills, Communication, Excel, Analysis, Reporting"
Billing Executive (MCom),"Relevant domain skills, Communication, Excel, Analysis, Reporting"
Revenue Accountant (MCom),"Relevant domain skills, Communication, Excel, Analysis, Reporting"
Inventory Accountant (MCom),"Relevant domain skills, Communication, Excel, Analysis, Reporting"
Fund Accountant (MCom),"Relevant domain skills, Communication, Excel, Analysis, Reporting"
Corporate Accountant (MCom),"Relevant domain skills, Communication, Excel, Analysis, Reporting"
Assistant Finance Manager (MCom),"Relevant domain skills, Communication, Excel, Analysis, Reporting"
Bank Reconciliation Executive (MCom),"Relevant domain skills, Communication, Excel, Analysis, Reporting"
Indirect Tax Executive (MCom),"Relevant domain skills, Communication, Excel, Analysis, Reporting"
Direct Tax Executive (MCom),"Relevant domain skills, Communication, Excel, Analysis, Reporting"
MIS Executive (MCom),"Relevant domain skills, Communication, Excel, Analysis, Reporting"
Accounting Analyst (MCom),"Relevant domain skills, Communication, Excel, Analysis, Reporting"
Finance Executive (MCom),"Relevant domain skills, Communication, Excel, Analysis, Reporting"
Accounts Officer (MCom),"Relevant domain skills, Communication, Excel, Analysis, Reporting"
Commercial Accountant (MCom),"Relevant domain skills, Communication, Excel, Analysis, Reporting"
Cash Management Executive (MCom),"Relevant domain skills, Communication, Excel, Analysis, Reporting"
Expense Analyst (MCom),"Relevant domain skills, Communication, Excel, Analysis, Reporting"
General Ledger Accountant (MCom),"Relevant domain skills, Communication, Excel, Analysis, Reporting"
Junior Auditor (MCom),"Relevant domain skills, Communication, Excel, Analysis, Reporting"
Statutory Auditor (MCom),"Relevant domain skills, Communication, Excel, Analysis, Reporting"
Risk Compliance Executive (MCom),"Relevant domain skills, Communication, Excel, Analysis, Reporting"
Trade Finance Executive (MCom),"Relevant domain skills, Communication, Excel, Analysis, Reporting"
Financial Operations Executive (MCom),"Relevant domain skills, Communication, Excel, Analysis, Reporting"
Cost Control Executive (MCom),"Relevant domain skills, Communication, Excel, Analysis, Reporting"
Receivables Manager (MCom),"Relevant domain skills, Communication, Excel, Analysis, Reporting"
Payables Manager (MCom),"Relevant domain skills, Communication, Excel, Analysis, Reporting"
Accounting Supervisor (MCom),"Relevant domain skills, Communication, Excel, Analysis, Reporting"
Tax Compliance Officer (MCom),"Relevant domain skills, Communication, Excel, Analysis, Reporting"
Financial Documentation Executive (MCom),"Relevant domain skills, Communication, Excel, Analysis, Reporting"
Credit Administration Officer (MCom),"Relevant domain skills, Communication, Excel, Analysis, Reporting"
Accounts Coordinator (MCom),"Relevant domain skills, Communication, Excel, Analysis, Reporting"

Content Writer (MA),"Domain Knowledge, Communication, MS Excel, Reporting, Problem Solving"
Journalist (MA),"Domain Knowledge, Communication, MS Excel, Reporting, Problem Solving"
Editor (MA),"Domain Knowledge, Communication, MS Excel, Reporting, Problem Solving"
Copywriter (MA),"Domain Knowledge, Communication, MS Excel, Reporting, Problem Solving"
Technical Writer (MA),"Domain Knowledge, Communication, MS Excel, Reporting, Problem Solving"
Public Relations Executive (MA),"Domain Knowledge, Communication, MS Excel, Reporting, Problem Solving"
Media Planner (MA),"Domain Knowledge, Communication, MS Excel, Reporting, Problem Solving"
Communication Specialist (MA),"Domain Knowledge, Communication, MS Excel, Reporting, Problem Solving"
Policy Analyst (MA),"Domain Knowledge, Communication, MS Excel, Reporting, Problem Solving"
Research Associate (MA),"Domain Knowledge, Communication, MS Excel, Reporting, Problem Solving"
Academic Counselor (MA),"Domain Knowledge, Communication, MS Excel, Reporting, Problem Solving"
Career Counselor (MA),"Domain Knowledge, Communication, MS Excel, Reporting, Problem Solving"
Language Specialist (MA),"Domain Knowledge, Communication, MS Excel, Reporting, Problem Solving"
Translator (MA),"Domain Knowledge, Communication, MS Excel, Reporting, Problem Solving"
Proofreader (MA),"Domain Knowledge, Communication, MS Excel, Reporting, Problem Solving"
Social Media Manager (MA),"Domain Knowledge, Communication, MS Excel, Reporting, Problem Solving"
Content Strategist (MA),"Domain Knowledge, Communication, MS Excel, Reporting, Problem Solving"
Digital Content Manager (MA),"Domain Knowledge, Communication, MS Excel, Reporting, Problem Solving"
Instructional Designer (MA),"Domain Knowledge, Communication, MS Excel, Reporting, Problem Solving"
Corporate Trainer (MA),"Domain Knowledge, Communication, MS Excel, Reporting, Problem Solving"
Public Affairs Officer (MA),"Domain Knowledge, Communication, MS Excel, Reporting, Problem Solving"
Community Outreach Coordinator (MA),"Domain Knowledge, Communication, MS Excel, Reporting, Problem Solving"
Cultural Program Manager (MA),"Domain Knowledge, Communication, MS Excel, Reporting, Problem Solving"
Archivist (MA),"Domain Knowledge, Communication, MS Excel, Reporting, Problem Solving"
Museum Curator (MA),"Domain Knowledge, Communication, MS Excel, Reporting, Problem Solving"
Publishing Executive (MA),"Domain Knowledge, Communication, MS Excel, Reporting, Problem Solving"
Script Writer (MA),"Domain Knowledge, Communication, MS Excel, Reporting, Problem Solving"
Radio Presenter (MA),"Domain Knowledge, Communication, MS Excel, Reporting, Problem Solving"
News Anchor (MA),"Domain Knowledge, Communication, MS Excel, Reporting, Problem Solving"
Creative Director (MA),"Domain Knowledge, Communication, MS Excel, Reporting, Problem Solving"
Advertising Copywriter (MA),"Domain Knowledge, Communication, MS Excel, Reporting, Problem Solving"
Brand Communication Executive (MA),"Domain Knowledge, Communication, MS Excel, Reporting, Problem Solving"
Speech Writer (MA),"Domain Knowledge, Communication, MS Excel, Reporting, Problem Solving"
Linguist (MA),"Domain Knowledge, Communication, MS Excel, Reporting, Problem Solving"
Documentation Specialist (MA),"Domain Knowledge, Communication, MS Excel, Reporting, Problem Solving"
Survey Researcher (MA),"Domain Knowledge, Communication, MS Excel, Reporting, Problem Solving"
Political Research Analyst (MA),"Domain Knowledge, Communication, MS Excel, Reporting, Problem Solving"
NGO Program Coordinator (MA),"Domain Knowledge, Communication, MS Excel, Reporting, Problem Solving"
Education Consultant (MA),"Domain Knowledge, Communication, MS Excel, Reporting, Problem Solving"
Learning Consultant (MA),"Domain Knowledge, Communication, MS Excel, Reporting, Problem Solving"
Event Coordinator (MA),"Domain Knowledge, Communication, MS Excel, Reporting, Problem Solving"
Corporate Communication Manager (MA),"Domain Knowledge, Communication, MS Excel, Reporting, Problem Solving"
Media Relations Officer (MA),"Domain Knowledge, Communication, MS Excel, Reporting, Problem Solving"
Public Information Officer (MA),"Domain Knowledge, Communication, MS Excel, Reporting, Problem Solving"
Grant Writer (MA),"Domain Knowledge, Communication, MS Excel, Reporting, Problem Solving"
Research Interviewer (MA),"Domain Knowledge, Communication, MS Excel, Reporting, Problem Solving"
Training Coordinator (MA),"Domain Knowledge, Communication, MS Excel, Reporting, Problem Solving"
Knowledge Management Executive (MA),"Domain Knowledge, Communication, MS Excel, Reporting, Problem Solving"
Development Communication Officer (MA),"Domain Knowledge, Communication, MS Excel, Reporting, Problem Solving"
Curriculum Developer (MA),"Domain Knowledge, Communication, MS Excel, Reporting, Problem Solving"


Social Worker (MSW),"Domain Knowledge, Communication, MS Excel, Reporting, Problem Solving"
Case Manager (MSW),"Domain Knowledge, Communication, MS Excel, Reporting, Problem Solving"
Community Development Officer (MSW),"Domain Knowledge, Communication, MS Excel, Reporting, Problem Solving"
NGO Program Officer (MSW),"Domain Knowledge, Communication, MS Excel, Reporting, Problem Solving"
Child Welfare Officer (MSW),"Domain Knowledge, Communication, MS Excel, Reporting, Problem Solving"
Family Counselor (MSW),"Domain Knowledge, Communication, MS Excel, Reporting, Problem Solving"
Rehabilitation Counselor (MSW),"Domain Knowledge, Communication, MS Excel, Reporting, Problem Solving"
Mental Health Counselor (MSW),"Domain Knowledge, Communication, MS Excel, Reporting, Problem Solving"
School Social Worker (MSW),"Domain Knowledge, Communication, MS Excel, Reporting, Problem Solving"
Medical Social Worker (MSW),"Domain Knowledge, Communication, MS Excel, Reporting, Problem Solving"
Community Outreach Worker (MSW),"Domain Knowledge, Communication, MS Excel, Reporting, Problem Solving"
Program Coordinator (MSW),"Domain Knowledge, Communication, MS Excel, Reporting, Problem Solving"
Livelihood Officer (MSW),"Domain Knowledge, Communication, MS Excel, Reporting, Problem Solving"
Women Empowerment Coordinator (MSW),"Domain Knowledge, Communication, MS Excel, Reporting, Problem Solving"
Youth Development Officer (MSW),"Domain Knowledge, Communication, MS Excel, Reporting, Problem Solving"
CSR Executive (MSW),"Domain Knowledge, Communication, MS Excel, Reporting, Problem Solving"
CSR Manager (MSW),"Domain Knowledge, Communication, MS Excel, Reporting, Problem Solving"
Field Coordinator (MSW),"Domain Knowledge, Communication, MS Excel, Reporting, Problem Solving"
Social Researcher (MSW),"Domain Knowledge, Communication, MS Excel, Reporting, Problem Solving"
Human Rights Advocate (MSW),"Domain Knowledge, Communication, MS Excel, Reporting, Problem Solving"
Disaster Management Officer (MSW),"Domain Knowledge, Communication, MS Excel, Reporting, Problem Solving"
Community Mobilizer (MSW),"Domain Knowledge, Communication, MS Excel, Reporting, Problem Solving"
Project Officer NGO (MSW),"Domain Knowledge, Communication, MS Excel, Reporting, Problem Solving"
Counseling Psychologist Assistant (MSW),"Domain Knowledge, Communication, MS Excel, Reporting, Problem Solving"
Victim Support Officer (MSW),"Domain Knowledge, Communication, MS Excel, Reporting, Problem Solving"
Social Audit Coordinator (MSW),"Domain Knowledge, Communication, MS Excel, Reporting, Problem Solving"
Rural Development Officer (MSW),"Domain Knowledge, Communication, MS Excel, Reporting, Problem Solving"
Public Health Coordinator (MSW),"Domain Knowledge, Communication, MS Excel, Reporting, Problem Solving"
Volunteer Coordinator (MSW),"Domain Knowledge, Communication, MS Excel, Reporting, Problem Solving"
Advocacy Officer (MSW),"Domain Knowledge, Communication, MS Excel, Reporting, Problem Solving"
Social Protection Officer (MSW),"Domain Knowledge, Communication, MS Excel, Reporting, Problem Solving"
Gender Specialist (MSW),"Domain Knowledge, Communication, MS Excel, Reporting, Problem Solving"
Community Relations Executive (MSW),"Domain Knowledge, Communication, MS Excel, Reporting, Problem Solving"
Welfare Officer (MSW),"Domain Knowledge, Communication, MS Excel, Reporting, Problem Solving"
Behavior Change Communication Officer (MSW),"Domain Knowledge, Communication, MS Excel, Reporting, Problem Solving"
Development Officer (MSW),"Domain Knowledge, Communication, MS Excel, Reporting, Problem Solving"
Social Impact Analyst (MSW),"Domain Knowledge, Communication, MS Excel, Reporting, Problem Solving"
Resettlement Officer (MSW),"Domain Knowledge, Communication, MS Excel, Reporting, Problem Solving"
NGO Fundraising Executive (MSW),"Domain Knowledge, Communication, MS Excel, Reporting, Problem Solving"
Monitoring and Evaluation Officer (MSW),"Domain Knowledge, Communication, MS Excel, Reporting, Problem Solving"
Program Evaluator (MSW),"Domain Knowledge, Communication, MS Excel, Reporting, Problem Solving"
Social Policy Analyst (MSW),"Domain Knowledge, Communication, MS Excel, Reporting, Problem Solving"
Community Engagement Specialist (MSW),"Domain Knowledge, Communication, MS Excel, Reporting, Problem Solving"
Extension Officer (MSW),"Domain Knowledge, Communication, MS Excel, Reporting, Problem Solving"
Youth Counselor (MSW),"Domain Knowledge, Communication, MS Excel, Reporting, Problem Solving"
Elder Care Coordinator (MSW),"Domain Knowledge, Communication, MS Excel, Reporting, Problem Solving"
Outreach Program Manager (MSW),"Domain Knowledge, Communication, MS Excel, Reporting, Problem Solving"
NGO Operations Executive (MSW),"Domain Knowledge, Communication, MS Excel, Reporting, Problem Solving"
Social Inclusion Officer (MSW),"Domain Knowledge, Communication, MS Excel, Reporting, Problem Solving"
Field Investigator (MSW),"Domain Knowledge, Communication, MS Excel, Reporting, Problem Solving"


Sales Executive (Non IT),"Domain Knowledge, Communication, MS Excel, Reporting, Problem Solving"
Marketing Executive (Non IT),"Domain Knowledge, Communication, MS Excel, Reporting, Problem Solving"
Customer Service Executive (Non IT),"Domain Knowledge, Communication, MS Excel, Reporting, Problem Solving"
Operations Executive (Non IT),"Domain Knowledge, Communication, MS Excel, Reporting, Problem Solving"
Procurement Executive (Non IT),"Domain Knowledge, Communication, MS Excel, Reporting, Problem Solving"
Logistics Coordinator (Non IT),"Domain Knowledge, Communication, MS Excel, Reporting, Problem Solving"
Warehouse Supervisor (Non IT),"Domain Knowledge, Communication, MS Excel, Reporting, Problem Solving"
Retail Store Manager (Non IT),"Domain Knowledge, Communication, MS Excel, Reporting, Problem Solving"
Business Development Executive (Non IT),"Domain Knowledge, Communication, MS Excel, Reporting, Problem Solving"
Supply Chain Executive (Non IT),"Domain Knowledge, Communication, MS Excel, Reporting, Problem Solving"
Inventory Controller (Non IT),"Domain Knowledge, Communication, MS Excel, Reporting, Problem Solving"
Purchase Officer (Non IT),"Domain Knowledge, Communication, MS Excel, Reporting, Problem Solving"
Export Executive (Non IT),"Domain Knowledge, Communication, MS Excel, Reporting, Problem Solving"
Import Executive (Non IT),"Domain Knowledge, Communication, MS Excel, Reporting, Problem Solving"
Merchandiser (Non IT),"Domain Knowledge, Communication, MS Excel, Reporting, Problem Solving"
Inside Sales Executive (Non IT),"Domain Knowledge, Communication, MS Excel, Reporting, Problem Solving"
Field Sales Officer (Non IT),"Domain Knowledge, Communication, MS Excel, Reporting, Problem Solving"
Relationship Manager (Non IT),"Domain Knowledge, Communication, MS Excel, Reporting, Problem Solving"
Telecaller (Non IT),"Domain Knowledge, Communication, MS Excel, Reporting, Problem Solving"
Customer Success Executive (Non IT),"Domain Knowledge, Communication, MS Excel, Reporting, Problem Solving"
Administrative Officer (Non IT),"Domain Knowledge, Communication, MS Excel, Reporting, Problem Solving"
Office Manager (Non IT),"Domain Knowledge, Communication, MS Excel, Reporting, Problem Solving"
Documentation Executive (Non IT),"Domain Knowledge, Communication, MS Excel, Reporting, Problem Solving"
Compliance Officer (Non IT),"Domain Knowledge, Communication, MS Excel, Reporting, Problem Solving"
Quality Executive (Non IT),"Domain Knowledge, Communication, MS Excel, Reporting, Problem Solving"
Training Executive (Non IT),"Domain Knowledge, Communication, MS Excel, Reporting, Problem Solving"
Event Manager (Non IT),"Domain Knowledge, Communication, MS Excel, Reporting, Problem Solving"
Hotel Operations Executive (Non IT),"Domain Knowledge, Communication, MS Excel, Reporting, Problem Solving"
Restaurant Manager (Non IT),"Domain Knowledge, Communication, MS Excel, Reporting, Problem Solving"
Front Office Executive (Non IT),"Domain Knowledge, Communication, MS Excel, Reporting, Problem Solving"
Air Cargo Executive (Non IT),"Domain Knowledge, Communication, MS Excel, Reporting, Problem Solving"
Fleet Coordinator (Non IT),"Domain Knowledge, Communication, MS Excel, Reporting, Problem Solving"
Branch Operations Executive (Non IT),"Domain Knowledge, Communication, MS Excel, Reporting, Problem Solving"
Collection Officer (Non IT),"Domain Knowledge, Communication, MS Excel, Reporting, Problem Solving"
Loan Processing Officer (Non IT),"Domain Knowledge, Communication, MS Excel, Reporting, Problem Solving"
Insurance Advisor (Non IT),"Domain Knowledge, Communication, MS Excel, Reporting, Problem Solving"
Claims Executive (Non IT),"Domain Knowledge, Communication, MS Excel, Reporting, Problem Solving"
Vendor Coordinator (Non IT),"Domain Knowledge, Communication, MS Excel, Reporting, Problem Solving"
Service Advisor (Non IT),"Domain Knowledge, Communication, MS Excel, Reporting, Problem Solving"
Travel Coordinator (Non IT),"Domain Knowledge, Communication, MS Excel, Reporting, Problem Solving"
Retail Buyer (Non IT),"Domain Knowledge, Communication, MS Excel, Reporting, Problem Solving"
Market Research Executive (Non IT),"Domain Knowledge, Communication, MS Excel, Reporting, Problem Solving"
Franchise Executive (Non IT),"Domain Knowledge, Communication, MS Excel, Reporting, Problem Solving"
Channel Coordinator (Non IT),"Domain Knowledge, Communication, MS Excel, Reporting, Problem Solving"
Business Coordinator (Non IT),"Domain Knowledge, Communication, MS Excel, Reporting, Problem Solving"
Facility Manager (Non IT),"Domain Knowledge, Communication, MS Excel, Reporting, Problem Solving"
Customer Retention Executive (Non IT),"Domain Knowledge, Communication, MS Excel, Reporting, Problem Solving"
Operations Coordinator (Non IT),"Domain Knowledge, Communication, MS Excel, Reporting, Problem Solving"
Commercial Executive (Non IT),"Domain Knowledge, Communication, MS Excel, Reporting, Problem Solving"
Procurement Analyst (Non IT),"Domain Knowledge, Communication, MS Excel, Reporting, Problem Solving"


Clinical Research Associate (MPharma),"Domain Knowledge, Communication, MS Excel, Reporting, Problem Solving"
Pharmacovigilance Associate (MPharma),"Domain Knowledge, Communication, MS Excel, Reporting, Problem Solving"
Regulatory Affairs Associate (MPharma),"Domain Knowledge, Communication, MS Excel, Reporting, Problem Solving"
Medical Writer (MPharma),"Domain Knowledge, Communication, MS Excel, Reporting, Problem Solving"
Quality Assurance Executive (MPharma),"Domain Knowledge, Communication, MS Excel, Reporting, Problem Solving"
Quality Control Analyst (MPharma),"Domain Knowledge, Communication, MS Excel, Reporting, Problem Solving"
Formulation Scientist (MPharma),"Domain Knowledge, Communication, MS Excel, Reporting, Problem Solving"
Drug Safety Associate (MPharma),"Domain Knowledge, Communication, MS Excel, Reporting, Problem Solving"
Clinical Data Manager (MPharma),"Domain Knowledge, Communication, MS Excel, Reporting, Problem Solving"
Validation Executive (MPharma),"Domain Knowledge, Communication, MS Excel, Reporting, Problem Solving"
Production Executive Pharma (MPharma),"Domain Knowledge, Communication, MS Excel, Reporting, Problem Solving"
Medical Information Specialist (MPharma),"Domain Knowledge, Communication, MS Excel, Reporting, Problem Solving"
Bioanalytical Scientist (MPharma),"Domain Knowledge, Communication, MS Excel, Reporting, Problem Solving"
Industrial Pharmacist (MPharma),"Domain Knowledge, Communication, MS Excel, Reporting, Problem Solving"
Hospital Pharmacist (MPharma),"Domain Knowledge, Communication, MS Excel, Reporting, Problem Solving"
Medical Science Liaison (MPharma),"Domain Knowledge, Communication, MS Excel, Reporting, Problem Solving"
Pharmaceutical Sales Executive (MPharma),"Domain Knowledge, Communication, MS Excel, Reporting, Problem Solving"
Clinical Project Manager (MPharma),"Domain Knowledge, Communication, MS Excel, Reporting, Problem Solving"
Drug Regulatory Officer (MPharma),"Domain Knowledge, Communication, MS Excel, Reporting, Problem Solving"
Pharmacokinetics Scientist (MPharma),"Domain Knowledge, Communication, MS Excel, Reporting, Problem Solving"
Toxicology Scientist (MPharma),"Domain Knowledge, Communication, MS Excel, Reporting, Problem Solving"
Medical Reviewer (MPharma),"Domain Knowledge, Communication, MS Excel, Reporting, Problem Solving"
GMP Auditor (MPharma),"Domain Knowledge, Communication, MS Excel, Reporting, Problem Solving"
Clinical Trial Coordinator (MPharma),"Domain Knowledge, Communication, MS Excel, Reporting, Problem Solving"
Regulatory Submission Specialist (MPharma),"Domain Knowledge, Communication, MS Excel, Reporting, Problem Solving"
Drug Development Scientist (MPharma),"Domain Knowledge, Communication, MS Excel, Reporting, Problem Solving"
Pharmacy Manager (MPharma),"Domain Knowledge, Communication, MS Excel, Reporting, Problem Solving"
Research Pharmacist (MPharma),"Domain Knowledge, Communication, MS Excel, Reporting, Problem Solving"
Analytical Chemist Pharma (MPharma),"Domain Knowledge, Communication, MS Excel, Reporting, Problem Solving"
Microbiology Analyst (MPharma),"Domain Knowledge, Communication, MS Excel, Reporting, Problem Solving"
Pharmaceutical Consultant (MPharma),"Domain Knowledge, Communication, MS Excel, Reporting, Problem Solving"
Medical Affairs Executive (MPharma),"Domain Knowledge, Communication, MS Excel, Reporting, Problem Solving"
Drug Inspection Officer (MPharma),"Domain Knowledge, Communication, MS Excel, Reporting, Problem Solving"
Packaging Development Executive (MPharma),"Domain Knowledge, Communication, MS Excel, Reporting, Problem Solving"
Stability Analyst (MPharma),"Domain Knowledge, Communication, MS Excel, Reporting, Problem Solving"
Clinical SAS Programmer (MPharma),"Domain Knowledge, Communication, MS Excel, Reporting, Problem Solving"
Pharma Marketing Executive (MPharma),"Domain Knowledge, Communication, MS Excel, Reporting, Problem Solving"
Therapeutic Area Specialist (MPharma),"Domain Knowledge, Communication, MS Excel, Reporting, Problem Solving"
Regulatory Compliance Officer (MPharma),"Domain Knowledge, Communication, MS Excel, Reporting, Problem Solving"
Quality Systems Executive (MPharma),"Domain Knowledge, Communication, MS Excel, Reporting, Problem Solving"
Pharmacoeconomics Analyst (MPharma),"Domain Knowledge, Communication, MS Excel, Reporting, Problem Solving"
Medical Coding Specialist (MPharma),"Domain Knowledge, Communication, MS Excel, Reporting, Problem Solving"
Validation Specialist (MPharma),"Domain Knowledge, Communication, MS Excel, Reporting, Problem Solving"
Formulation Development Executive (MPharma),"Domain Knowledge, Communication, MS Excel, Reporting, Problem Solving"
Drug Information Associate (MPharma),"Domain Knowledge, Communication, MS Excel, Reporting, Problem Solving"
Clinical Operations Executive (MPharma),"Domain Knowledge, Communication, MS Excel, Reporting, Problem Solving"
Technology Transfer Executive (MPharma),"Domain Knowledge, Communication, MS Excel, Reporting, Problem Solving"
API Production Executive (MPharma),"Domain Knowledge, Communication, MS Excel, Reporting, Problem Solving"
Clinical Documentation Specialist (MPharma),"Domain Knowledge, Communication, MS Excel, Reporting, Problem Solving"
Pharmaceutical Trainer (MPharma),"Domain Knowledge, Communication, MS Excel, Reporting, Problem Solving"

Software Engineer (CS),"Programming, Problem Solving, SQL, Communication, Git"
Backend Developer (CS),"Programming, Problem Solving, SQL, Communication, Git"
Frontend Developer (CS),"Programming, Problem Solving, SQL, Communication, Git"
Full Stack Developer (CS),"Programming, Problem Solving, SQL, Communication, Git"
Data Scientist (CS),"Programming, Problem Solving, SQL, Communication, Git"
Data Engineer (CS),"Programming, Problem Solving, SQL, Communication, Git"
Machine Learning Engineer (CS),"Programming, Problem Solving, SQL, Communication, Git"
AI Engineer (CS),"Programming, Problem Solving, SQL, Communication, Git"
Cloud Engineer (CS),"Programming, Problem Solving, SQL, Communication, Git"
DevOps Engineer (CS),"Programming, Problem Solving, SQL, Communication, Git"
Site Reliability Engineer (CS),"Programming, Problem Solving, SQL, Communication, Git"
Cybersecurity Analyst (CS),"Programming, Problem Solving, SQL, Communication, Git"
Security Engineer (CS),"Programming, Problem Solving, SQL, Communication, Git"
Network Engineer (CS),"Programming, Problem Solving, SQL, Communication, Git"
Database Administrator (CS),"Programming, Problem Solving, SQL, Communication, Git"
Systems Administrator (CS),"Programming, Problem Solving, SQL, Communication, Git"
QA Engineer (CS),"Programming, Problem Solving, SQL, Communication, Git"
Automation Tester (CS),"Programming, Problem Solving, SQL, Communication, Git"
Mobile App Developer (CS),"Programming, Problem Solving, SQL, Communication, Git"
Android Developer (CS),"Programming, Problem Solving, SQL, Communication, Git"
iOS Developer (CS),"Programming, Problem Solving, SQL, Communication, Git"
Game Developer (CS),"Programming, Problem Solving, SQL, Communication, Git"
AR VR Developer (CS),"Programming, Problem Solving, SQL, Communication, Git"
Blockchain Developer (CS),"Programming, Problem Solving, SQL, Communication, Git"
IoT Engineer (CS),"Programming, Problem Solving, SQL, Communication, Git"
Embedded Systems Engineer (CS),"Programming, Problem Solving, SQL, Communication, Git"
Solutions Architect (CS),"Programming, Problem Solving, SQL, Communication, Git"
Technical Support Engineer (CS),"Programming, Problem Solving, SQL, Communication, Git"
Business Intelligence Developer (CS),"Programming, Problem Solving, SQL, Communication, Git"
Data Analyst (CS),"Programming, Problem Solving, SQL, Communication, Git"
MLOps Engineer (CS),"Programming, Problem Solving, SQL, Communication, Git"
NLP Engineer (CS),"Programming, Problem Solving, SQL, Communication, Git"
Computer Vision Engineer (CS),"Programming, Problem Solving, SQL, Communication, Git"
Platform Engineer (CS),"Programming, Problem Solving, SQL, Communication, Git"
Release Engineer (CS),"Programming, Problem Solving, SQL, Communication, Git"
Build Engineer (CS),"Programming, Problem Solving, SQL, Communication, Git"
CRM Developer (CS),"Programming, Problem Solving, SQL, Communication, Git"
ERP Developer (CS),"Programming, Problem Solving, SQL, Communication, Git"
API Developer (CS),"Programming, Problem Solving, SQL, Communication, Git"
Software Architect (CS),"Programming, Problem Solving, SQL, Communication, Git"
Application Support Engineer (CS),"Programming, Problem Solving, SQL, Communication, Git"
IT Auditor (CS),"Programming, Problem Solving, SQL, Communication, Git"
Information Security Analyst (CS),"Programming, Problem Solving, SQL, Communication, Git"
Cloud Security Engineer (CS),"Programming, Problem Solving, SQL, Communication, Git"
Kubernetes Administrator (CS),"Programming, Problem Solving, SQL, Communication, Git"
Linux Administrator (CS),"Programming, Problem Solving, SQL, Communication, Git"
Windows Administrator (CS),"Programming, Problem Solving, SQL, Communication, Git"
GIS Developer (CS),"Programming, Problem Solving, SQL, Communication, Git"
Research Engineer (CS),"Programming, Problem Solving, SQL, Communication, Git"
Product Analyst (CS),"Programming, Problem Solving, SQL, Communication, Git"
Data Governance Analyst (CS),"Programming, Problem Solving, SQL, Communication, Git"
Cloud Consultant (CS),"Programming, Problem Solving, SQL, Communication, Git"
Technical Consultant (CS),"Programming, Problem Solving, SQL, Communication, Git"
Infrastructure Engineer (CS),"Programming, Problem Solving, SQL, Communication, Git"
Systems Analyst (CS),"Programming, Problem Solving, SQL, Communication, Git"
Technology Analyst (CS),"Programming, Problem Solving, SQL, Communication, Git"
Integration Engineer (CS),"Programming, Problem Solving, SQL, Communication, Git"
Performance Tester (CS),"Programming, Problem Solving, SQL, Communication, Git"
Software Tester (CS),"Programming, Problem Solving, SQL, Communication, Git"
Web Developer (CS),"Programming, Problem Solving, SQL, Communication, Git"
React Developer (CS),"Programming, Problem Solving, SQL, Communication, Git"
Python Developer (CS),"Programming, Problem Solving, SQL, Communication, Git"
Java Developer (CS),"Programming, Problem Solving, SQL, Communication, Git"
PHP Developer (CS),"Programming, Problem Solving, SQL, Communication, Git"
Node.js Developer (CS),"Programming, Problem Solving, SQL, Communication, Git"
Database Engineer (CS),"Programming, Problem Solving, SQL, Communication, Git"
Cloud Administrator (CS),"Programming, Problem Solving, SQL, Communication, Git"
IT Operations Engineer (CS),"Programming, Problem Solving, SQL, Communication, Git"
Digital Solutions Engineer (CS),"Programming, Problem Solving, SQL, Communication, Git"
Technical Account Manager (CS),"Programming, Problem Solving, SQL, Communication, Git"

Data Scientist (MSc Data Science),"Research, Analysis, Documentation, Statistics, Domain Knowledge"
Machine Learning Analyst (MSc Data Science),"Research, Analysis, Documentation, Statistics, Domain Knowledge"
AI Research Associate (MSc Data Science),"Research, Analysis, Documentation, Statistics, Domain Knowledge"
Data Engineer (MSc Data Science),"Research, Analysis, Documentation, Statistics, Domain Knowledge"
Business Intelligence Analyst (MSc Data Science),"Research, Analysis, Documentation, Statistics, Domain Knowledge"
Biostatistician (MSc Statistics),"Research, Analysis, Documentation, Statistics, Domain Knowledge"
Statistical Analyst (MSc Statistics),"Research, Analysis, Documentation, Statistics, Domain Knowledge"
Quantitative Analyst (MSc Statistics),"Research, Analysis, Documentation, Statistics, Domain Knowledge"
Survey Statistician (MSc Statistics),"Research, Analysis, Documentation, Statistics, Domain Knowledge"
Risk Modeling Analyst (MSc Statistics),"Research, Analysis, Documentation, Statistics, Domain Knowledge"
Research Scientist (MSc Physics),"Research, Analysis, Documentation, Statistics, Domain Knowledge"
Optics Engineer (MSc Physics),"Research, Analysis, Documentation, Statistics, Domain Knowledge"
Scientific Officer (MSc Physics),"Research, Analysis, Documentation, Statistics, Domain Knowledge"
Simulation Specialist (MSc Physics),"Research, Analysis, Documentation, Statistics, Domain Knowledge"
Materials Analyst (MSc Physics),"Research, Analysis, Documentation, Statistics, Domain Knowledge"
Analytical Chemist (MSc Chemistry),"Research, Analysis, Documentation, Statistics, Domain Knowledge"
R&D Chemist (MSc Chemistry),"Research, Analysis, Documentation, Statistics, Domain Knowledge"
Quality Control Chemist (MSc Chemistry),"Research, Analysis, Documentation, Statistics, Domain Knowledge"
Chemical Analyst (MSc Chemistry),"Research, Analysis, Documentation, Statistics, Domain Knowledge"
Formulation Chemist (MSc Chemistry),"Research, Analysis, Documentation, Statistics, Domain Knowledge"
Biotechnologist (MSc Biotechnology),"Research, Analysis, Documentation, Statistics, Domain Knowledge"
Genomics Specialist (MSc Biotechnology),"Research, Analysis, Documentation, Statistics, Domain Knowledge"
Bioinformatics Analyst (MSc Biotechnology),"Research, Analysis, Documentation, Statistics, Domain Knowledge"
Molecular Biologist (MSc Biotechnology),"Research, Analysis, Documentation, Statistics, Domain Knowledge"
Cell Culture Specialist (MSc Biotechnology),"Research, Analysis, Documentation, Statistics, Domain Knowledge"
Microbiologist (MSc Microbiology),"Research, Analysis, Documentation, Statistics, Domain Knowledge"
Clinical Microbiologist (MSc Microbiology),"Research, Analysis, Documentation, Statistics, Domain Knowledge"
Food Safety Analyst (MSc Microbiology),"Research, Analysis, Documentation, Statistics, Domain Knowledge"
Microbiology Researcher (MSc Microbiology),"Research, Analysis, Documentation, Statistics, Domain Knowledge"
Sterility Assurance Officer (MSc Microbiology),"Research, Analysis, Documentation, Statistics, Domain Knowledge"
Environmental Scientist (MSc Environmental Science),"Research, Analysis, Documentation, Statistics, Domain Knowledge"
Environmental Consultant (MSc Environmental Science),"Research, Analysis, Documentation, Statistics, Domain Knowledge"
Sustainability Analyst (MSc Environmental Science),"Research, Analysis, Documentation, Statistics, Domain Knowledge"
Ecologist (MSc Environmental Science),"Research, Analysis, Documentation, Statistics, Domain Knowledge"
Environmental Auditor (MSc Environmental Science),"Research, Analysis, Documentation, Statistics, Domain Knowledge"
Food Technologist (MSc Food Science),"Research, Analysis, Documentation, Statistics, Domain Knowledge"
Food Quality Analyst (MSc Food Science),"Research, Analysis, Documentation, Statistics, Domain Knowledge"
Food Safety Officer (MSc Food Science),"Research, Analysis, Documentation, Statistics, Domain Knowledge"
Sensory Analyst (MSc Food Science),"Research, Analysis, Documentation, Statistics, Domain Knowledge"
Product Development Scientist (MSc Food Science),"Research, Analysis, Documentation, Statistics, Domain Knowledge"
Genetic Counselor (MSc Genetics),"Research, Analysis, Documentation, Statistics, Domain Knowledge"
Genomics Analyst (MSc Genetics),"Research, Analysis, Documentation, Statistics, Domain Knowledge"
Genetics Research Associate (MSc Genetics),"Research, Analysis, Documentation, Statistics, Domain Knowledge"
Molecular Genetics Specialist (MSc Genetics),"Research, Analysis, Documentation, Statistics, Domain Knowledge"
Clinical Genetics Coordinator (MSc Genetics),"Research, Analysis, Documentation, Statistics, Domain Knowledge"
Forensic Scientist (MSc Forensic Science),"Research, Analysis, Documentation, Statistics, Domain Knowledge"
Crime Scene Analyst (MSc Forensic Science),"Research, Analysis, Documentation, Statistics, Domain Knowledge"
Forensic Toxicologist (MSc Forensic Science),"Research, Analysis, Documentation, Statistics, Domain Knowledge"
DNA Analyst (MSc Forensic Science),"Research, Analysis, Documentation, Statistics, Domain Knowledge"
Forensic Laboratory Officer (MSc Forensic Science),"Research, Analysis, Documentation, Statistics, Domain Knowledge"
Actuarial Analyst (MSc Mathematics),"Research, Analysis, Documentation, Statistics, Domain Knowledge"
Mathematical Modeler (MSc Mathematics),"Research, Analysis, Documentation, Statistics, Domain Knowledge"
Operations Research Analyst (MSc Mathematics),"Research, Analysis, Documentation, Statistics, Domain Knowledge"
Quantitative Researcher (MSc Mathematics),"Research, Analysis, Documentation, Statistics, Domain Knowledge"
Data Modeling Specialist (MSc Mathematics),"Research, Analysis, Documentation, Statistics, Domain Knowledge"
Wildlife Biologist (MSc Zoology),"Research, Analysis, Documentation, Statistics, Domain Knowledge"
Zoological Researcher (MSc Zoology),"Research, Analysis, Documentation, Statistics, Domain Knowledge"
Conservation Scientist (MSc Zoology),"Research, Analysis, Documentation, Statistics, Domain Knowledge"
Animal Behavior Specialist (MSc Zoology),"Research, Analysis, Documentation, Statistics, Domain Knowledge"
Biodiversity Analyst (MSc Zoology),"Research, Analysis, Documentation, Statistics, Domain Knowledge"
Plant Scientist (MSc Botany),"Research, Analysis, Documentation, Statistics, Domain Knowledge"
Botanical Researcher (MSc Botany),"Research, Analysis, Documentation, Statistics, Domain Knowledge"
Agricultural Biologist (MSc Botany),"Research, Analysis, Documentation, Statistics, Domain Knowledge"
Plant Tissue Culture Specialist (MSc Botany),"Research, Analysis, Documentation, Statistics, Domain Knowledge"
Herbarium Curator (MSc Botany),"Research, Analysis, Documentation, Statistics, Domain Knowledge"
Geologist (MSc Geology),"Research, Analysis, Documentation, Statistics, Domain Knowledge"
Hydrogeologist (MSc Geology),"Research, Analysis, Documentation, Statistics, Domain Knowledge"
Exploration Geologist (MSc Geology),"Research, Analysis, Documentation, Statistics, Domain Knowledge"
Geoscience Analyst (MSc Geology),"Research, Analysis, Documentation, Statistics, Domain Knowledge"
Mining Geologist (MSc Geology),"Research, Analysis, Documentation, Statistics, Domain Knowledge"
Biochemist (MSc Biochemistry),"Research, Analysis, Documentation, Statistics, Domain Knowledge"
Clinical Biochemist (MSc Biochemistry),"Research, Analysis, Documentation, Statistics, Domain Knowledge"
Protein Scientist (MSc Biochemistry),"Research, Analysis, Documentation, Statistics, Domain Knowledge"
Metabolomics Analyst (MSc Biochemistry),"Research, Analysis, Documentation, Statistics, Domain Knowledge"
Biochemical Research Associate (MSc Biochemistry),"Research, Analysis, Documentation, Statistics, Domain Knowledge"
Clinical Research Coordinator (MSc Clinical Research),"Research, Analysis, Documentation, Statistics, Domain Knowledge"
Clinical Data Associate (MSc Clinical Research),"Research, Analysis, Documentation, Statistics, Domain Knowledge"
Clinical Trial Associate (MSc Clinical Research),"Research, Analysis, Documentation, Statistics, Domain Knowledge"
Medical Research Officer (MSc Clinical Research),"Research, Analysis, Documentation, Statistics, Domain Knowledge"
Research Compliance Specialist (MSc Clinical Research),"Research, Analysis, Documentation, Statistics, Domain Knowledge"
Nanotechnology Researcher (MSc Nanotechnology),"Research, Analysis, Documentation, Statistics, Domain Knowledge"
Nanomaterials Scientist (MSc Nanotechnology),"Research, Analysis, Documentation, Statistics, Domain Knowledge"
Nano Fabrication Engineer (MSc Nanotechnology),"Research, Analysis, Documentation, Statistics, Domain Knowledge"
Research Associate Nanotech (MSc Nanotechnology),"Research, Analysis, Documentation, Statistics, Domain Knowledge"
Nanoscience Analyst (MSc Nanotechnology),"Research, Analysis, Documentation, Statistics, Domain Knowledge"
Marine Biologist (MSc Marine Biology),"Research, Analysis, Documentation, Statistics, Domain Knowledge"
Ocean Research Associate (MSc Marine Biology),"Research, Analysis, Documentation, Statistics, Domain Knowledge"
Marine Conservation Officer (MSc Marine Biology),"Research, Analysis, Documentation, Statistics, Domain Knowledge"
Fisheries Scientist (MSc Marine Biology),"Research, Analysis, Documentation, Statistics, Domain Knowledge"
Aquatic Ecologist (MSc Marine Biology),"Research, Analysis, Documentation, Statistics, Domain Knowledge"
Epidemiologist (MSc Epidemiology),"Research, Analysis, Documentation, Statistics, Domain Knowledge"
Public Health Researcher (MSc Epidemiology),"Research, Analysis, Documentation, Statistics, Domain Knowledge"
Disease Surveillance Analyst (MSc Epidemiology),"Research, Analysis, Documentation, Statistics, Domain Knowledge"
Health Data Scientist (MSc Epidemiology),"Research, Analysis, Documentation, Statistics, Domain Knowledge"
Outbreak Investigation Officer (MSc Epidemiology),"Research, Analysis, Documentation, Statistics, Domain Knowledge"
Agricultural Scientist (MSc Agriculture),"Research, Analysis, Documentation, Statistics, Domain Knowledge"
Crop Research Associate (MSc Agriculture),"Research, Analysis, Documentation, Statistics, Domain Knowledge"
Soil Analyst (MSc Agriculture),"Research, Analysis, Documentation, Statistics, Domain Knowledge"
Agronomy Specialist (MSc Agriculture),"Research, Analysis, Documentation, Statistics, Domain Knowledge"
Agricultural Extension Officer (MSc Agriculture),"Research, Analysis, Documentation, Statistics, Domain Knowledge"


Design Engineer (Engineering Mechanical),"Technical Skills, Design, Analysis, Problem Solving, Communication"
Production Engineer (Engineering Mechanical),"Technical Skills, Design, Analysis, Problem Solving, Communication"
Maintenance Engineer (Engineering Mechanical),"Technical Skills, Design, Analysis, Problem Solving, Communication"
Quality Engineer (Engineering Mechanical),"Technical Skills, Design, Analysis, Problem Solving, Communication"
Project Engineer (Engineering Mechanical),"Technical Skills, Design, Analysis, Problem Solving, Communication"
Site Engineer (Engineering Civil),"Technical Skills, Design, Analysis, Problem Solving, Communication"
Structural Design Engineer (Engineering Civil),"Technical Skills, Design, Analysis, Problem Solving, Communication"
Quantity Surveyor (Engineering Civil),"Technical Skills, Design, Analysis, Problem Solving, Communication"
Construction Planner (Engineering Civil),"Technical Skills, Design, Analysis, Problem Solving, Communication"
Geotechnical Engineer (Engineering Civil),"Technical Skills, Design, Analysis, Problem Solving, Communication"
Power Systems Engineer (Engineering Electrical),"Technical Skills, Design, Analysis, Problem Solving, Communication"
Electrical Design Engineer (Engineering Electrical),"Technical Skills, Design, Analysis, Problem Solving, Communication"
Protection Engineer (Engineering Electrical),"Technical Skills, Design, Analysis, Problem Solving, Communication"
Substation Engineer (Engineering Electrical),"Technical Skills, Design, Analysis, Problem Solving, Communication"
Electrical Maintenance Engineer (Engineering Electrical),"Technical Skills, Design, Analysis, Problem Solving, Communication"
Embedded Engineer (Engineering Electronics),"Technical Skills, Design, Analysis, Problem Solving, Communication"
VLSI Design Engineer (Engineering Electronics),"Technical Skills, Design, Analysis, Problem Solving, Communication"
PCB Design Engineer (Engineering Electronics),"Technical Skills, Design, Analysis, Problem Solving, Communication"
Firmware Engineer (Engineering Electronics),"Technical Skills, Design, Analysis, Problem Solving, Communication"
Electronics Test Engineer (Engineering Electronics),"Technical Skills, Design, Analysis, Problem Solving, Communication"
Software Engineer (Engineering Computer Science),"Technical Skills, Design, Analysis, Problem Solving, Communication"
Cloud Engineer (Engineering Computer Science),"Technical Skills, Design, Analysis, Problem Solving, Communication"
DevOps Engineer (Engineering Computer Science),"Technical Skills, Design, Analysis, Problem Solving, Communication"
Database Engineer (Engineering Computer Science),"Technical Skills, Design, Analysis, Problem Solving, Communication"
Cybersecurity Engineer (Engineering Computer Science),"Technical Skills, Design, Analysis, Problem Solving, Communication"
Instrumentation Engineer (Engineering Instrumentation),"Technical Skills, Design, Analysis, Problem Solving, Communication"
Control Systems Engineer (Engineering Instrumentation),"Technical Skills, Design, Analysis, Problem Solving, Communication"
SCADA Engineer (Engineering Instrumentation),"Technical Skills, Design, Analysis, Problem Solving, Communication"
Automation Engineer (Engineering Instrumentation),"Technical Skills, Design, Analysis, Problem Solving, Communication"
Process Control Engineer (Engineering Instrumentation),"Technical Skills, Design, Analysis, Problem Solving, Communication"
Automotive Engineer (Engineering Automobile),"Technical Skills, Design, Analysis, Problem Solving, Communication"
Vehicle Testing Engineer (Engineering Automobile),"Technical Skills, Design, Analysis, Problem Solving, Communication"
Powertrain Engineer (Engineering Automobile),"Technical Skills, Design, Analysis, Problem Solving, Communication"
Automobile Design Engineer (Engineering Automobile),"Technical Skills, Design, Analysis, Problem Solving, Communication"
Service Engineer (Engineering Automobile),"Technical Skills, Design, Analysis, Problem Solving, Communication"
Aerospace Engineer (Engineering Aerospace),"Technical Skills, Design, Analysis, Problem Solving, Communication"
Aircraft Maintenance Engineer (Engineering Aerospace),"Technical Skills, Design, Analysis, Problem Solving, Communication"
Flight Test Engineer (Engineering Aerospace),"Technical Skills, Design, Analysis, Problem Solving, Communication"
Avionics Engineer (Engineering Aerospace),"Technical Skills, Design, Analysis, Problem Solving, Communication"
Aerodynamics Engineer (Engineering Aerospace),"Technical Skills, Design, Analysis, Problem Solving, Communication"
Mechatronics Engineer (Engineering Mechatronics),"Technical Skills, Design, Analysis, Problem Solving, Communication"
Robotics Integration Engineer (Engineering Mechatronics),"Technical Skills, Design, Analysis, Problem Solving, Communication"
Automation Design Engineer (Engineering Mechatronics),"Technical Skills, Design, Analysis, Problem Solving, Communication"
Control Engineer (Engineering Mechatronics),"Technical Skills, Design, Analysis, Problem Solving, Communication"
Systems Engineer (Engineering Mechatronics),"Technical Skills, Design, Analysis, Problem Solving, Communication"
Industrial Engineer (Engineering Industrial),"Technical Skills, Design, Analysis, Problem Solving, Communication"
Process Improvement Engineer (Engineering Industrial),"Technical Skills, Design, Analysis, Problem Solving, Communication"
Lean Manufacturing Engineer (Engineering Industrial),"Technical Skills, Design, Analysis, Problem Solving, Communication"
Operations Engineer (Engineering Industrial),"Technical Skills, Design, Analysis, Problem Solving, Communication"
Productivity Engineer (Engineering Industrial),"Technical Skills, Design, Analysis, Problem Solving, Communication"
Production Planning Engineer (Engineering Production),"Technical Skills, Design, Analysis, Problem Solving, Communication"
Manufacturing Engineer (Engineering Production),"Technical Skills, Design, Analysis, Problem Solving, Communication"
Plant Engineer (Engineering Production),"Technical Skills, Design, Analysis, Problem Solving, Communication"
Industrial Safety Engineer (Engineering Production),"Technical Skills, Design, Analysis, Problem Solving, Communication"
Tooling Engineer (Engineering Production),"Technical Skills, Design, Analysis, Problem Solving, Communication"
Chemical Process Engineer (Engineering Chemical),"Technical Skills, Design, Analysis, Problem Solving, Communication"
Plant Design Engineer (Engineering Chemical),"Technical Skills, Design, Analysis, Problem Solving, Communication"
Process Safety Engineer (Engineering Chemical),"Technical Skills, Design, Analysis, Problem Solving, Communication"
Refinery Engineer (Engineering Chemical),"Technical Skills, Design, Analysis, Problem Solving, Communication"
Quality Control Engineer (Engineering Chemical),"Technical Skills, Design, Analysis, Problem Solving, Communication"
Petroleum Engineer (Engineering Petroleum),"Technical Skills, Design, Analysis, Problem Solving, Communication"
Drilling Engineer (Engineering Petroleum),"Technical Skills, Design, Analysis, Problem Solving, Communication"
Reservoir Engineer (Engineering Petroleum),"Technical Skills, Design, Analysis, Problem Solving, Communication"
Production Technologist (Engineering Petroleum),"Technical Skills, Design, Analysis, Problem Solving, Communication"
Well Operations Engineer (Engineering Petroleum),"Technical Skills, Design, Analysis, Problem Solving, Communication"
Mining Engineer (Engineering Mining),"Technical Skills, Design, Analysis, Problem Solving, Communication"
Mine Planning Engineer (Engineering Mining),"Technical Skills, Design, Analysis, Problem Solving, Communication"
Mineral Processing Engineer (Engineering Mining),"Technical Skills, Design, Analysis, Problem Solving, Communication"
Exploration Engineer (Engineering Mining),"Technical Skills, Design, Analysis, Problem Solving, Communication"
Mine Safety Engineer (Engineering Mining),"Technical Skills, Design, Analysis, Problem Solving, Communication"
Marine Engineer (Engineering Marine),"Technical Skills, Design, Analysis, Problem Solving, Communication"
Ship Design Engineer (Engineering Marine),"Technical Skills, Design, Analysis, Problem Solving, Communication"
Port Operations Engineer (Engineering Marine),"Technical Skills, Design, Analysis, Problem Solving, Communication"
Naval Architect (Engineering Marine),"Technical Skills, Design, Analysis, Problem Solving, Communication"
Offshore Engineer (Engineering Marine),"Technical Skills, Design, Analysis, Problem Solving, Communication"
Robotics Engineer (Engineering Robotics),"Technical Skills, Design, Analysis, Problem Solving, Communication"
Robot Programmer (Engineering Robotics),"Technical Skills, Design, Analysis, Problem Solving, Communication"
Automation Specialist (Engineering Robotics),"Technical Skills, Design, Analysis, Problem Solving, Communication"
Machine Vision Engineer (Engineering Robotics),"Technical Skills, Design, Analysis, Problem Solving, Communication"
Robotics Systems Engineer (Engineering Robotics),"Technical Skills, Design, Analysis, Problem Solving, Communication"
Energy Engineer (Engineering Energy),"Technical Skills, Design, Analysis, Problem Solving, Communication"
Solar Design Engineer (Engineering Energy),"Technical Skills, Design, Analysis, Problem Solving, Communication"
Wind Energy Engineer (Engineering Energy),"Technical Skills, Design, Analysis, Problem Solving, Communication"
Energy Auditor (Engineering Energy),"Technical Skills, Design, Analysis, Problem Solving, Communication"
Renewable Energy Analyst (Engineering Energy),"Technical Skills, Design, Analysis, Problem Solving, Communication"
Metallurgical Engineer (Engineering Metallurgy),"Technical Skills, Design, Analysis, Problem Solving, Communication"
Materials Engineer (Engineering Metallurgy),"Technical Skills, Design, Analysis, Problem Solving, Communication"
Corrosion Engineer (Engineering Metallurgy),"Technical Skills, Design, Analysis, Problem Solving, Communication"
Welding Engineer (Engineering Metallurgy),"Technical Skills, Design, Analysis, Problem Solving, Communication"
Foundry Engineer (Engineering Metallurgy),"Technical Skills, Design, Analysis, Problem Solving, Communication"
Environmental Engineer (Engineering Environmental),"Technical Skills, Design, Analysis, Problem Solving, Communication"
Waste Management Engineer (Engineering Environmental),"Technical Skills, Design, Analysis, Problem Solving, Communication"
Water Treatment Engineer (Engineering Environmental),"Technical Skills, Design, Analysis, Problem Solving, Communication"
Sustainability Engineer (Engineering Environmental),"Technical Skills, Design, Analysis, Problem Solving, Communication"
EHS Engineer (Engineering Environmental),"Technical Skills, Design, Analysis, Problem Solving, Communication"
Biomedical Engineer (Engineering Biomedical),"Technical Skills, Design, Analysis, Problem Solving, Communication"
Clinical Engineer (Engineering Biomedical),"Technical Skills, Design, Analysis, Problem Solving, Communication"
Medical Device Engineer (Engineering Biomedical),"Technical Skills, Design, Analysis, Problem Solving, Communication"
Healthcare Technology Specialist (Engineering Biomedical),"Technical Skills, Design, Analysis, Problem Solving, Communication"
Biomechanics Engineer (Engineering Biomedical),"Technical Skills, Design, Analysis, Problem Solving, Communication"
